Tm,Tx,Tn,S,P,CDD,Weather_Month_Num,Year
11.106535947712418,27.929411764705883,-2.022875816993464,0.24130434782608695,59.04895104895105,4.46078431372549,5,2025
