Tm,Tx,Tn,S,P,CDD,Weather_Month_Num,Year
8.937989949748744,25.39834307992203,-3.872027290448343,0.9121212121212121,55.73765642775882,3.773668341708543,5,2025
